ID;Class
MARCA_2 (1).png;Sin
MARCA_2 (2).png;Sin
MARCA_2 (3).png;Sin
MARCA_2 (4).png;Sin
MARCA_2 (5).png;Sin
MARCA_2 (6).png;Sin
MARCA_2 (7).png;Sin
MARCA_2 (8).png;Sin
MARCA_2 (9).png;Sin
MARCA_2 (10).png;Sin
MARCA_2 (11).png;Sin
MARCA_2 (12).png;Sin
MARCA_2 (13).png;Sin
MARCA_2 (14).png;Sin
MARCA_2 (15).png;Sin
MARCA_2 (16).png;Sin
MARCA_2 (17).png;Sin
MARCA_2 (18).png;Sin
MARCA_2 (19).png;Sin
MARCA_2 (20).png;Sin
MARCA_2 (21).png;Sin
MARCA_2 (22).png;Sin
MARCA_2 (23).png;Sin
MARCA_2 (24).png;Sin
MARCA_2 (25).png;Sin
MARCA_2 (26).png;Sin
MARCA_2 (27).png;Sin
MARCA_2 (28).png;Sin
MARCA_2 (29).png;Sin
MARCA_2 (30).png;Sin
MARCA_2 (31).png;Sin
MARCA_2 (32).png;Sin
MARCA_2 (33).png;Sin
MARCA_2 (34).png;Sin
MARCA_2 (35).png;Sin
MARCA_2 (36).png;Sin
MARCA_2 (37).png;Sin
MARCA_2 (38).png;Sin
MARCA_2 (39).png;Sin
MARCA_2 (40).png;Sin
MARCA_2 (41).png;Sin
MARCA_2 (42).png;Sin
MARCA_2 (43).png;Sin
MARCA_2 (44).png;Sin
MARCA_2 (45).png;Sin
MARCA_2 (46).png;Sin
MARCA_2 (47).png;Sin
MARCA_2 (48).png;Sin
MARCA_2 (49).png;Sin
MARCA_2 (50).png;Sin
MARCA_2 (51).png;Sin
MARCA_2 (52).png;Sin
MARCA_2 (53).png;Sin
MARCA_2 (54).png;Sin
MARCA_2 (55).png;Sin
MARCA_2 (56).png;Sin
MARCA_2 (57).png;Sin
MARCA_2 (58).png;Sin
MARCA_2 (59).png;Sin
MARCA_2 (60).png;Sin
MARCA_2 (61).png;Sin
MARCA_2 (62).png;Sin
MARCA_2 (63).png;Sin
MARCA_2 (64).png;Sin
MARCA_2 (65).png;Sin
MARCA_2 (66).png;Sin
MARCA_2 (67).png;Sin
MARCA_2 (68).png;Sin
MARCA_2 (69).png;Sin
MARCA_2 (70).png;Sin
MARCA_2 (71).png;Sin
MARCA_2 (72).png;Sin
MARCA_2 (73).png;Sin
MARCA_2 (74).png;Sin
MARCA_2 (75).png;Sin
MARCA_2 (76).png;Sin
MARCA_2 (77).png;Sin
MARCA_2 (78).png;Sin
MARCA_2 (79).png;Sin
MARCA_2 (80).png;Sin
MARCA_2 (81).png;Sin
MARCA_2 (82).png;Sin
MARCA_2 (83).png;Sin
MARCA_2 (84).png;Sin
MARCA_2 (85).png;Sin
MARCA_2 (86).png;Sin
MARCA_2 (87).png;Sin
MARCA_2 (88).png;Sin
MARCA_2 (89).png;Sin
MARCA_2 (90).png;Sin
MARCA_2 (91).png;Sin
MARCA_2 (92).png;Sin
MARCA_2 (93).png;Sin
MARCA_2 (94).png;Sin
MARCA_2 (95).png;Sin
MARCA_2 (96).png;Sin
MARCA_2 (97).png;Sin
MARCA_2 (98).png;Sin
MARCA_2 (99).png;Sin
MARCA_2 (100).png;Sin
MARCA_2 (101).png;Sin
MARCA_2 (102).png;Sin
MARCA_2 (103).png;Sin
MARCA_2 (104).png;Sin
MARCA_2 (105).png;Sin
MARCA_2 (106).png;Sin
MARCA_2 (107).png;Sin
MARCA_2 (108).png;Sin
MARCA_2 (109).png;Sin
MARCA_2 (110).png;Sin
MARCA_2 (111).png;Sin
MARCA_2 (112).png;Sin
MARCA_2 (113).png;Sin
MARCA_2 (114).png;Sin
MARCA_2 (115).png;Sin
MARCA_2 (116).png;Sin
MARCA_2 (117).png;Sin
MARCA_2 (118).png;Sin
MARCA_2 (119).png;Sin
MARCA_2 (120).png;Sin
MARCA_2 (121).png;Sin
MARCA_2 (122).png;Sin
MARCA_2 (123).png;Sin
MARCA_2 (124).png;Sin
MARCA_2 (125).png;Sin
MARCA_2 (126).png;Sin
MARCA_2 (127).png;Sin
MARCA_2 (128).png;Sin
MARCA_2 (129).png;Sin
MARCA_2 (130).png;Sin
MARCA_2 (131).png;Sin
MARCA_2 (132).png;Sin
MARCA_2 (133).png;Sin
MARCA_2 (134).png;Sin
MARCA_2 (135).png;Sin
MARCA_2 (136).png;Sin
MARCA_2 (137).png;Sin
MARCA_2 (138).png;Sin
MARCA_2 (139).png;Sin
MARCA_2 (140).png;Sin
MARCA_2 (141).png;Sin
MARCA_2 (142).png;Sin
MARCA_2 (143).png;Sin
MARCA_2 (144).png;Sin
MARCA_2 (145).png;Sin
MARCA_2 (146).png;Sin
MARCA_2 (147).png;Sin
MARCA_2 (148).png;Sin
MARCA_2 (149).png;Sin
MARCA_2 (150).png;Sin
MARCA_2 (151).png;Sin
MARCA_2 (152).png;Sin
MARCA_2 (153).png;Sin
MARCA_2 (154).png;Sin
MARCA_2 (155).png;Sin
MARCA_2 (156).png;Sin
MARCA_2 (157).png;Sin
MARCA_2 (158).png;Sin
MARCA_2 (159).png;Sin
MARCA_2 (160).png;Sin
MARCA_2 (161).png;Sin
MARCA_2 (162).png;Sin
MARCA_2 (163).png;Sin
MARCA_2 (164).png;Sin
MARCA_2 (165).png;Sin
MARCA_2 (166).png;Sin
MARCA_2 (167).png;Sin
MARCA_2 (168).png;Sin
MARCA_2 (169).png;Sin
MARCA_2 (170).png;Sin
MARCA_2 (171).png;Sin
MARCA_2 (172).png;Sin
MARCA_2 (173).png;Sin
MARCA_2 (174).png;Sin
MARCA_2 (175).png;Sin
MARCA_2 (176).png;Sin
MARCA_2 (177).png;Sin
MARCA_2 (178).png;Sin
MARCA_2 (179).png;Sin
MARCA_2 (180).png;Sin
MARCA_2 (181).png;Sin
MARCA_2 (182).png;Sin
MARCA_2 (183).png;Sin
MARCA_2 (184).png;Sin
MARCA_2 (185).png;Sin
MARCA_2 (186).png;Sin
MARCA_2 (187).png;Sin
MARCA_2 (188).png;Sin
MARCA_2 (189).png;Sin
MARCA_2 (190).png;Sin
MARCA_2 (191).png;Sin
MARCA_2 (192).png;Sin
MARCA_2 (193).png;Sin
MARCA_2 (194).png;Sin
MARCA_2 (195).png;Sin
MARCA_2 (196).png;Sin
MARCA_2 (197).png;Sin
MARCA_2 (198).png;Sin
MARCA_2 (199).png;Sin
MARCA_2 (200).png;Sin
MARCA_1 (1).png;Marca
MARCA_1 (2).png;Marca
MARCA_1 (3).png;Marca
MARCA_1 (4).png;Marca
MARCA_1 (5).png;Marca
MARCA_1 (6).png;Marca
MARCA_1 (7).png;Marca
MARCA_1 (8).png;Marca
MARCA_1 (9).png;Marca
MARCA_1 (10).png;Marca
MARCA_1 (11).png;Marca
MARCA_1 (12).png;Marca
MARCA_1 (13).png;Marca
MARCA_1 (14).png;Marca
MARCA_1 (15).png;Marca
MARCA_1 (16).png;Marca
MARCA_1 (17).png;Marca
MARCA_1 (18).png;Marca
MARCA_1 (19).png;Marca
MARCA_1 (20).png;Marca
MARCA_1 (21).png;Marca
MARCA_1 (22).png;Marca
MARCA_1 (23).png;Marca
MARCA_1 (24).png;Marca
MARCA_1 (25).png;Marca
MARCA_1 (26).png;Marca
MARCA_1 (27).png;Marca
MARCA_1 (28).png;Marca
MARCA_1 (29).png;Marca
MARCA_1 (30).png;Marca
MARCA_1 (31).png;Marca
MARCA_1 (32).png;Marca
MARCA_1 (33).png;Marca
MARCA_1 (34).png;Marca
MARCA_1 (35).png;Marca
MARCA_1 (36).png;Marca
MARCA_1 (37).png;Marca
MARCA_1 (38).png;Marca
MARCA_1 (39).png;Marca
MARCA_1 (40).png;Marca
MARCA_1 (41).png;Marca
MARCA_1 (42).png;Marca
MARCA_1 (43).png;Marca
MARCA_1 (44).png;Marca
MARCA_1 (45).png;Marca
MARCA_1 (46).png;Marca
MARCA_1 (47).png;Marca
MARCA_1 (48).png;Marca
MARCA_1 (49).png;Marca
MARCA_1 (50).png;Marca
MARCA_1 (51).png;Marca
MARCA_1 (52).png;Marca
MARCA_1 (53).png;Marca
MARCA_1 (54).png;Marca
MARCA_1 (55).png;Marca
MARCA_1 (56).png;Marca
MARCA_1 (57).png;Marca
MARCA_1 (58).png;Marca
MARCA_1 (59).png;Marca
MARCA_1 (60).png;Marca
MARCA_1 (61).png;Marca
MARCA_1 (62).png;Marca
MARCA_1 (63).png;Marca
MARCA_1 (64).png;Marca
MARCA_1 (65).png;Marca
MARCA_1 (66).png;Marca
MARCA_1 (67).png;Marca
MARCA_1 (68).png;Marca
MARCA_1 (69).png;Marca
MARCA_1 (70).png;Marca
MARCA_1 (71).png;Marca
MARCA_1 (72).png;Marca
MARCA_1 (73).png;Marca
MARCA_1 (74).png;Marca
MARCA_1 (75).png;Marca
MARCA_1 (76).png;Marca
MARCA_1 (77).png;Marca
MARCA_1 (78).png;Marca
MARCA_1 (79).png;Marca
MARCA_1 (80).png;Marca
MARCA_1 (81).png;Marca
MARCA_1 (82).png;Marca
MARCA_1 (83).png;Marca
MARCA_1 (84).png;Marca
MARCA_1 (85).png;Marca
MARCA_1 (86).png;Marca
MARCA_1 (87).png;Marca
MARCA_1 (88).png;Marca
MARCA_1 (89).png;Marca
MARCA_1 (90).png;Marca
MARCA_1 (91).png;Marca
MARCA_1 (92).png;Marca
MARCA_1 (93).png;Marca
MARCA_1 (94).png;Marca
MARCA_1 (95).png;Marca
MARCA_1 (96).png;Marca
MARCA_1 (97).png;Marca
MARCA_1 (98).png;Marca
MARCA_1 (99).png;Marca
MARCA_1 (100).png;Marca
MARCA_1 (101).png;Marca
MARCA_1 (102).png;Marca
MARCA_1 (103).png;Marca
MARCA_1 (104).png;Marca
MARCA_1 (105).png;Marca
MARCA_1 (106).png;Marca
MARCA_1 (107).png;Marca
MARCA_1 (108).png;Marca
MARCA_1 (109).png;Marca
MARCA_1 (110).png;Marca
MARCA_1 (111).png;Marca
MARCA_1 (112).png;Marca
MARCA_1 (113).png;Marca
MARCA_1 (114).png;Marca
MARCA_1 (115).png;Marca
MARCA_1 (116).png;Marca
MARCA_1 (117).png;Marca
MARCA_1 (118).png;Marca
MARCA_1 (119).png;Marca
MARCA_1 (120).png;Marca
MARCA_1 (121).png;Marca
MARCA_1 (122).png;Marca
MARCA_1 (123).png;Marca
MARCA_1 (124).png;Marca
MARCA_1 (125).png;Marca
MARCA_1 (126).png;Marca
MARCA_1 (127).png;Marca
MARCA_1 (128).png;Marca
MARCA_1 (129).png;Marca
MARCA_1 (130).png;Marca
MARCA_1 (131).png;Marca
MARCA_1 (132).png;Marca
MARCA_1 (133).png;Marca
MARCA_1 (134).png;Marca
MARCA_1 (135).png;Marca
MARCA_1 (136).png;Marca
MARCA_1 (137).png;Marca
MARCA_1 (138).png;Marca
MARCA_1 (139).png;Marca
MARCA_1 (140).png;Marca
MARCA_1 (141).png;Marca
MARCA_1 (142).png;Marca
MARCA_1 (143).png;Marca
MARCA_1 (144).png;Marca
MARCA_1 (145).png;Marca
MARCA_1 (146).png;Marca
MARCA_1 (147).png;Marca
MARCA_1 (148).png;Marca
MARCA_1 (149).png;Marca
MARCA_1 (150).png;Marca
MARCA_1 (151).png;Marca
MARCA_1 (152).png;Marca
MARCA_1 (153).png;Marca
MARCA_1 (154).png;Marca
MARCA_1 (155).png;Marca
MARCA_1 (156).png;Marca
MARCA_1 (157).png;Marca
MARCA_1 (158).png;Marca
MARCA_1 (159).png;Marca
MARCA_1 (160).png;Marca
MARCA_1 (161).png;Marca
MARCA_1 (162).png;Marca
MARCA_1 (163).png;Marca
MARCA_1 (164).png;Marca
MARCA_1 (165).png;Marca
MARCA_1 (166).png;Marca
MARCA_1 (167).png;Marca
MARCA_1 (168).png;Marca
MARCA_1 (169).png;Marca
MARCA_1 (170).png;Marca
MARCA_1 (171).png;Marca
MARCA_1 (172).png;Marca
MARCA_1 (173).png;Marca
MARCA_1 (174).png;Marca
MARCA_1 (175).png;Marca
MARCA_1 (176).png;Marca
MARCA_1 (177).png;Marca
MARCA_1 (178).png;Marca
MARCA_1 (179).png;Marca
MARCA_1 (180).png;Marca
MARCA_1 (181).png;Marca
MARCA_1 (182).png;Marca
MARCA_1 (183).png;Marca
MARCA_1 (184).png;Marca
MARCA_1 (185).png;Marca
MARCA_1 (186).png;Marca
MARCA_1 (187).png;Marca
MARCA_1 (188).png;Marca
MARCA_1 (189).png;Marca
MARCA_1 (190).png;Marca
MARCA_1 (191).png;Marca
MARCA_1 (192).png;Marca
MARCA_1 (193).png;Marca
MARCA_1 (194).png;Marca
MARCA_1 (195).png;Marca
MARCA_1 (196).png;Marca
MARCA_1 (197).png;Marca
MARCA_1 (198).png;Marca
MARCA_1 (199).png;Marca
MARCA_1 (200).png;Marca
